{"cameraMode":{"drawMode":0,"name":"Shaded","section":"Shading Mode"},"sceneLighting":true,"audioPlay":false,"sceneViewState":{"m_AlwaysRefresh":false,"showFog":true,"showSkybox":true,"showFlares":true,"showImageEffects":true,"showParticleSystems":true,"showVisualEffectGraphs":true,"m_FxEnabled":true},"in2DMode":false,"pivot":{"x":-13.519725799560547,"y":-2.726099967956543,"z":0.6052255630493164},"rotation":{"x":0.10142592340707779,"y":-0.5982215404510498,"z":0.07668989151716232,"w":0.7911855578422546},"size":11.301948547363282,"orthographic":false}