{"cameraMode":{"drawMode":0,"name":"Shaded","section":"Shading Mode"},"sceneLighting":true,"audioPlay":false,"sceneViewState":{"m_AlwaysRefresh":false,"showFog":true,"showSkybox":true,"showFlares":true,"showImageEffects":true,"showParticleSystems":true,"showVisualEffectGraphs":true,"m_FxEnabled":true},"in2DMode":false,"pivot":{"x":1.5598564147949219,"y":0.6146386861801148,"z":-21.22113609313965},"rotation":{"x":-0.06094283610582352,"y":0.7101138234138489,"z":-0.06193537637591362,"w":-0.6987113952636719},"size":3.0266222953796388,"orthographic":false}